songName,artistName,windowsPath,unixPath,genres
A je to,Paweł Feszczuk,.\songs\A je to - Paweł Feszczuk.mp3,./songs/A je to - Paweł Feszczuk.mp3,"['Blues', 'Hip-Hop', 'Instrumental']"
White Shapes Beauty (ID 340),Lobo Loco,.\songs\White Shapes Beauty (ID 340) - Lobo Loco.mp3,./songs/White Shapes Beauty (ID 340) - Lobo Loco.mp3,"['Jazz', 'Classical', 'Folk']"
Velvet Shadows (Uplifting Positive Inspiring Cool Energetic Motivational Fashion Dreams Summer Travel Urban Driving Sports Car Swag Vlog Trap Rap Hip-Hop Beats Music),Audiorezout,.\songs\Velvet Shadows (Uplifting Positive Inspiring Cool Energetic Motivational Fashion Dreams Summer Travel Urban Driving Sports Car Swag Vlog Trap Rap Hip-Hop Beats Music) - Audiorezout.mp3,./songs/Velvet Shadows (Uplifting Positive Inspiring Cool Energetic Motivational Fashion Dreams Summer Travel Urban Driving Sports Car Swag Vlog Trap Rap Hip-Hop Beats Music) - Audiorezout.mp3,"['Hip-Hop', 'Country & Western', 'Hip-Hop Beats']"
MAGA Bust  Busting out of my MAGA cult,John Lopker  Popular USA Majority,.\songs\MAGA Bust  Busting out of my MAGA cult - John Lopker  Popular USA Majority.mp3,./songs/MAGA Bust  Busting out of my MAGA cult - John Lopker  Popular USA Majority.mp3,"['Country', 'Pop', 'Folk']"
Dumping On My MAGA Hat,John Lopker  Popular USA Majority,.\songs\Dumping On My MAGA Hat - John Lopker  Popular USA Majority.mp3,./songs/Dumping On My MAGA Hat - John Lopker  Popular USA Majority.mp3,"['Country', 'Pop', 'Folk']"
Jody Please Stop  Bullets Bombs Getting On,John Lopker  Popular USA Majority,.\songs\Jody Please Stop  Bullets Bombs Getting On - John Lopker  Popular USA Majority.mp3,./songs/Jody Please Stop  Bullets Bombs Getting On - John Lopker  Popular USA Majority.mp3,"['Country', 'Pop', 'Folk']"
WOAT Trump  Worst Of All Time,John Lopker  Popular USA Majority,.\songs\WOAT Trump  Worst Of All Time - John Lopker  Popular USA Majority.mp3,./songs/WOAT Trump  Worst Of All Time - John Lopker  Popular USA Majority.mp3,"['Country', 'Pop', 'Folk']"
Swiftie Now  Taylor Swift 2024 Fan Love Song,John Lopker  Popular USA Majority,.\songs\Swiftie Now  Taylor Swift 2024 Fan Love Song - John Lopker  Popular USA Majority.mp3,./songs/Swiftie Now  Taylor Swift 2024 Fan Love Song - John Lopker  Popular USA Majority.mp3,"['Country', 'Pop', 'Folk']"
MAGAtology  Gaslight University Degree,John Lopker  Popular USA Majority,.\songs\MAGAtology  Gaslight University Degree - John Lopker  Popular USA Majority.mp3,./songs/MAGAtology  Gaslight University Degree - John Lopker  Popular USA Majority.mp3,"['Country', 'Pop', 'Folk']"
MAGAdipity  Trump Dip MAGA Sickness,John Lopker  Popular USA Majority,.\songs\MAGAdipity  Trump Dip MAGA Sickness - John Lopker  Popular USA Majority.mp3,./songs/MAGAdipity  Trump Dip MAGA Sickness - John Lopker  Popular USA Majority.mp3,"['Country', 'Pop', 'Folk']"
January Sex  MAGA XXX Trump,John Lopker  Popular USA Majority,.\songs\January Sex  MAGA XXX Trump - John Lopker  Popular USA Majority.mp3,./songs/January Sex  MAGA XXX Trump - John Lopker  Popular USA Majority.mp3,"['Country', 'Pop', 'Folk']"
Suicide Eagle  USA Democracy,John Lopker  Popular USA Majority,.\songs\Suicide Eagle  USA Democracy - John Lopker  Popular USA Majority.mp3,./songs/Suicide Eagle  USA Democracy - John Lopker  Popular USA Majority.mp3,"['Country', 'Pop', 'Folk']"
My Body Had Been  Song of Youth and Life,John Lopker  Popular USA Majority,.\songs\My Body Had Been  Song of Youth and Life - John Lopker  Popular USA Majority.mp3,./songs/My Body Had Been  Song of Youth and Life - John Lopker  Popular USA Majority.mp3,"['Country', 'Pop', 'Folk']"
You Do You  And I Do Me,John Lopker  Popular USA Majority,.\songs\You Do You  And I Do Me - John Lopker  Popular USA Majority.mp3,./songs/You Do You  And I Do Me - John Lopker  Popular USA Majority.mp3,"['Country', 'Pop', 'Folk']"
Make Things Worse,Derek Clegg,.\songs\Make Things Worse - Derek Clegg.mp3,./songs/Make Things Worse - Derek Clegg.mp3,"['Country', 'Pop', 'Folk']"
Maybe Thursday,Derek Clegg,.\songs\Maybe Thursday - Derek Clegg.mp3,./songs/Maybe Thursday - Derek Clegg.mp3,"['Country', 'Pop', 'Folk']"
To Be Alone,Derek Clegg,.\songs\To Be Alone - Derek Clegg.mp3,./songs/To Be Alone - Derek Clegg.mp3,"['Country', 'Pop', 'Folk']"
Hold The Line,Derek Clegg,.\songs\Hold The Line - Derek Clegg.mp3,./songs/Hold The Line - Derek Clegg.mp3,"['Country', 'Pop', 'Folk']"
Play My Cards,Derek Clegg,.\songs\Play My Cards - Derek Clegg.mp3,./songs/Play My Cards - Derek Clegg.mp3,"['Country', 'Pop', 'Folk']"
Top and Bottom,Derek Clegg,.\songs\Top and Bottom - Derek Clegg.mp3,./songs/Top and Bottom - Derek Clegg.mp3,"['Country', 'Pop', 'Folk']"
My Friend Named Steve,Derek Clegg,.\songs\My Friend Named Steve - Derek Clegg.mp3,./songs/My Friend Named Steve - Derek Clegg.mp3,"['Country', 'Pop', 'Folk']"
Meaning In the Words,Derek Clegg,.\songs\Meaning In the Words - Derek Clegg.mp3,./songs/Meaning In the Words - Derek Clegg.mp3,"['Country', 'Pop', 'Folk']"
It Ain't This Bed,Derek Clegg,.\songs\It Ain't This Bed - Derek Clegg.mp3,./songs/It Ain't This Bed - Derek Clegg.mp3,"['Country', 'Pop', 'Folk']"
Good Graces,Derek Clegg,.\songs\Good Graces - Derek Clegg.mp3,./songs/Good Graces - Derek Clegg.mp3,"['Country', 'Pop', 'Folk']"
My Word,Derek Clegg,.\songs\My Word - Derek Clegg.mp3,./songs/My Word - Derek Clegg.mp3,"['Country', 'Pop', 'Folk']"
Working For The County,Derek Clegg,.\songs\Working For The County - Derek Clegg.mp3,./songs/Working For The County - Derek Clegg.mp3,"['Country', 'Pop', 'Folk']"
Help Desk,Derek Clegg,.\songs\Help Desk - Derek Clegg.mp3,./songs/Help Desk - Derek Clegg.mp3,"['Country', 'Pop', 'Folk']"
Selfish,Derek Clegg,.\songs\Selfish - Derek Clegg.mp3,./songs/Selfish - Derek Clegg.mp3,"['Country', 'Pop', 'Folk']"
Bed of Weeds,Derek Clegg,.\songs\Bed of Weeds - Derek Clegg.mp3,./songs/Bed of Weeds - Derek Clegg.mp3,"['Country', 'Pop', 'Folk']"
Life and Times,Derek Clegg,.\songs\Life and Times - Derek Clegg.mp3,./songs/Life and Times - Derek Clegg.mp3,"['Country', 'Pop', 'Folk']"
Is Real,Derek Clegg,.\songs\Is Real - Derek Clegg.mp3,./songs/Is Real - Derek Clegg.mp3,"['Country', 'Pop', 'Folk']"
I Have You,Derek Clegg,.\songs\I Have You - Derek Clegg.mp3,./songs/I Have You - Derek Clegg.mp3,"['Country', 'Pop', 'Folk']"
Never Really Change,Derek Clegg,.\songs\Never Really Change - Derek Clegg.mp3,./songs/Never Really Change - Derek Clegg.mp3,"['Country', 'Pop', 'Folk']"
Unfair To Me,Derek Clegg,.\songs\Unfair To Me - Derek Clegg.mp3,./songs/Unfair To Me - Derek Clegg.mp3,"['Country', 'Pop', 'Folk']"
Peculiar,Derek Clegg,.\songs\Peculiar - Derek Clegg.mp3,./songs/Peculiar - Derek Clegg.mp3,"['Country', 'Pop', 'Folk']"
Our Love Is Rich Enough,Derek Clegg,.\songs\Our Love Is Rich Enough - Derek Clegg.mp3,./songs/Our Love Is Rich Enough - Derek Clegg.mp3,"['Country', 'Pop', 'Folk']"
The Way I Feel,Derek Clegg,.\songs\The Way I Feel - Derek Clegg.mp3,./songs/The Way I Feel - Derek Clegg.mp3,"['Country', 'Pop', 'Folk']"
Scamtos Fire  Santos Republican Liar & Thief,John Lopker  Popular USA Majority,.\songs\Scamtos Fire  Santos Republican Liar & Thief - John Lopker  Popular USA Majority.mp3,./songs/Scamtos Fire  Santos Republican Liar & Thief - John Lopker  Popular USA Majority.mp3,"['Blues', 'Novelty', 'Comedy', 'Historic', 'Country', 'Pop', 'Folk', 'Post-Rock']"
Nothing (Bonus Track),Kai Engel,.\songs\Nothing (Bonus Track) - Kai Engel.mp3,./songs/Nothing (Bonus Track) - Kai Engel.mp3,"['Blues', 'Classical', 'Electronic', 'Trip-Hop', 'Contemporary Classical']"
Twenty-Five,Delay 77,.\songs\Twenty-Five - Delay 77.mp3,./songs/Twenty-Five - Delay 77.mp3,"['Jazz', 'Country', 'Folk', 'Psych-Folk', 'Indie-Rock']"
Evening Car Blues (ID 1855),Lobo Loco,.\songs\Evening Car Blues (ID 1855) - Lobo Loco.mp3,./songs/Evening Car Blues (ID 1855) - Lobo Loco.mp3,"['Blues', 'Folk', 'Bluegrass', 'Country & Western']"
Work Wonders (ID 999) - Remastered,Lobo Loco,.\songs\Work Wonders (ID 999) - Remastered - Lobo Loco.mp3,./songs/Work Wonders (ID 999) - Remastered - Lobo Loco.mp3,"['Blues', 'Psych-Folk', 'Country & Western']"
Death Valley (ID 1001) - Remastered,Lobo Loco,.\songs\Death Valley (ID 1001) - Remastered - Lobo Loco.mp3,./songs/Death Valley (ID 1001) - Remastered - Lobo Loco.mp3,"['Blues', 'Psych-Folk', 'Country & Western']"
Sunny Rainy Day (ID 1585),Lobo Loco,.\songs\Sunny Rainy Day (ID 1585) - Lobo Loco.mp3,./songs/Sunny Rainy Day (ID 1585) - Lobo Loco.mp3,"['Blues', 'Country', 'Folk', 'Singer-Songwriter']"
Lovers in the Night (ID 1411),Lobo Loco,.\songs\Lovers in the Night (ID 1411) - Lobo Loco.mp3,./songs/Lovers in the Night (ID 1411) - Lobo Loco.mp3,"['Blues', 'Psych-Folk', 'Country & Western']"
Looking for a Highway (ID 1543),Lobo Loco,.\songs\Looking for a Highway (ID 1543) - Lobo Loco.mp3,./songs/Looking for a Highway (ID 1543) - Lobo Loco.mp3,"['Blues', 'Psych-Folk', 'Country & Western']"
Old Forest Lodge 2 (ID 1836),Lobo Loco,.\songs\Old Forest Lodge 2 (ID 1836) - Lobo Loco.mp3,./songs/Old Forest Lodge 2 (ID 1836) - Lobo Loco.mp3,"['Blues', 'Country', 'Folk', 'Soundtrack', 'Country & Western', 'Instrumental']"
Swarm of Birds (ID 1835),Lobo Loco,.\songs\Swarm of Birds (ID 1835) - Lobo Loco.mp3,./songs/Swarm of Birds (ID 1835) - Lobo Loco.mp3,"['Blues', 'Historic', 'Country', 'Folk', 'Bluegrass', 'Country & Western']"
One More,Beat Mekanik,.\songs\One More - Beat Mekanik.mp3,./songs/One More - Beat Mekanik.mp3,"['Blues', 'Hip-Hop', 'Hip-Hop Beats']"
Erdos (feat. André Coelho & DJ X-Acto),M-PeX,.\songs\Erdos (feat. André Coelho & DJ X-Acto) - M-PeX.mp3,./songs/Erdos (feat. André Coelho & DJ X-Acto) - M-PeX.mp3,"['Jazz', 'Electronic', 'Hip-Hop']"
Kardinal (feat. André Coelho & DJ X-Acto),M-PeX,.\songs\Kardinal (feat. André Coelho & DJ X-Acto) - M-PeX.mp3,./songs/Kardinal (feat. André Coelho & DJ X-Acto) - M-PeX.mp3,"['Jazz', 'Electronic', 'Hip-Hop']"
Kripke (feat. André Coelho & DJ X-Acto),M-PeX,.\songs\Kripke (feat. André Coelho & DJ X-Acto) - M-PeX.mp3,./songs/Kripke (feat. André Coelho & DJ X-Acto) - M-PeX.mp3,"['Jazz', 'Electronic', 'Hip-Hop']"
Aleph-0 (feat. André Coelho & DJ X-Acto),M-PeX,.\songs\Aleph-0 (feat. André Coelho & DJ X-Acto) - M-PeX.mp3,./songs/Aleph-0 (feat. André Coelho & DJ X-Acto) - M-PeX.mp3,"['Jazz', 'Electronic', 'Hip-Hop']"
Transfinitu (feat. André Coelho & DJ X-Acto),M-PeX,.\songs\Transfinitu (feat. André Coelho & DJ X-Acto) - M-PeX.mp3,./songs/Transfinitu (feat. André Coelho & DJ X-Acto) - M-PeX.mp3,"['Jazz', 'Electronic', 'Hip-Hop']"
Well Well - Instrumental (ID 1750),Lobo Loco,.\songs\Well Well - Instrumental (ID 1750) - Lobo Loco.mp3,./songs/Well Well - Instrumental (ID 1750) - Lobo Loco.mp3,"['Blues', 'Country', 'Folk', 'Country & Western', 'Lo-fi Folk']"
Blues for Pixaperro (ID 1749),Lobo Loco,.\songs\Blues for Pixaperro (ID 1749) - Lobo Loco.mp3,./songs/Blues for Pixaperro (ID 1749) - Lobo Loco.mp3,"['Blues', 'Country', 'Folk', 'Country & Western', 'Lo-fi Folk']"
Child is Born (ID 1736),Lobo Loco,.\songs\Child is Born (ID 1736) - Lobo Loco.mp3,./songs/Child is Born (ID 1736) - Lobo Loco.mp3,"['Blues', 'Country', 'Folk', 'Country & Western', 'Lo-fi Folk']"
Out of the Labyrinth (ID 1708),Lobo Loco,.\songs\Out of the Labyrinth (ID 1708) - Lobo Loco.mp3,./songs/Out of the Labyrinth (ID 1708) - Lobo Loco.mp3,"['Blues', 'Country', 'Folk', 'Country & Western', 'Lo-fi Folk']"
Waiting All Night Long (ID 1704),Lobo Loco,.\songs\Waiting All Night Long (ID 1704) - Lobo Loco.mp3,./songs/Waiting All Night Long (ID 1704) - Lobo Loco.mp3,"['Blues', 'Country', 'Folk', 'Country & Western', 'Lo-fi Folk']"
Forester - Guitar (ID 1702),Lobo Loco,.\songs\Forester - Guitar (ID 1702) - Lobo Loco.mp3,./songs/Forester - Guitar (ID 1702) - Lobo Loco.mp3,"['Blues', 'Country', 'Folk', 'Country & Western', 'Lo-fi Folk']"
Harley Davidson,Beat Mekanik,.\songs\Harley Davidson - Beat Mekanik.mp3,./songs/Harley Davidson - Beat Mekanik.mp3,"['Blues', 'Country', 'Country & Western']"
Take me by the Hands (ID 2043),Lobo Loco,.\songs\Take me by the Hands (ID 2043) - Lobo Loco.mp3,./songs/Take me by the Hands (ID 2043) - Lobo Loco.mp3,"['Blues', 'Country', 'Country & Western']"
Next Generation (ID 2042),Lobo Loco,.\songs\Next Generation (ID 2042) - Lobo Loco.mp3,./songs/Next Generation (ID 2042) - Lobo Loco.mp3,"['Blues', 'Country', 'Country & Western']"
Long Way Home,Beat Mekanik,.\songs\Long Way Home - Beat Mekanik.mp3,./songs/Long Way Home - Beat Mekanik.mp3,"['Blues', 'Country', 'Country & Western']"
Trouble be Mine (ID 1966),Lobo Loco,.\songs\Trouble be Mine (ID 1966) - Lobo Loco.mp3,./songs/Trouble be Mine (ID 1966) - Lobo Loco.mp3,"['Blues', 'Country', 'Country & Western']"
Welcome to Your Westworld (ID 1334) -Remastered,Lobo Loco,.\songs\Welcome to Your Westworld (ID 1334) -Remastered - Lobo Loco.mp3,./songs/Welcome to Your Westworld (ID 1334) -Remastered - Lobo Loco.mp3,"['Blues', 'Country', 'Country & Western']"
You got my Horses (ID 1338) - Remastered,Lobo Loco,.\songs\You got my Horses (ID 1338) - Remastered - Lobo Loco.mp3,./songs/You got my Horses (ID 1338) - Remastered - Lobo Loco.mp3,"['Blues', 'Country', 'Country & Western']"
Traveling to Louisiana (ID 1174) - Remastered,Lobo Loco,.\songs\Traveling to Louisiana (ID 1174) - Remastered - Lobo Loco.mp3,./songs/Traveling to Louisiana (ID 1174) - Remastered - Lobo Loco.mp3,"['Blues', 'Country', 'Country & Western']"
Traveling with Corina (ID 806) - Remastered,Lobo Loco,.\songs\Traveling with Corina (ID 806) - Remastered - Lobo Loco.mp3,./songs/Traveling with Corina (ID 806) - Remastered - Lobo Loco.mp3,"['Blues', 'Country', 'Country & Western']"
Verona - Vocals (ID 1409),Lobo Loco,.\songs\Verona - Vocals (ID 1409) - Lobo Loco.mp3,./songs/Verona - Vocals (ID 1409) - Lobo Loco.mp3,"['Blues', 'Country', 'Country & Western']"
Missisippi (ID 1356),Lobo Loco,.\songs\Missisippi (ID 1356) - Lobo Loco.mp3,./songs/Missisippi (ID 1356) - Lobo Loco.mp3,"['Blues', 'Country', 'Country & Western']"
Blues Jingle (ID 1801),Lobo Loco,.\songs\Blues Jingle (ID 1801) - Lobo Loco.mp3,./songs/Blues Jingle (ID 1801) - Lobo Loco.mp3,"['Blues', 'Country', 'Country & Western']"
Hiking Trough Waves (ID 1814),Lobo Loco,.\songs\Hiking Trough Waves (ID 1814) - Lobo Loco.mp3,./songs/Hiking Trough Waves (ID 1814) - Lobo Loco.mp3,"['Blues', 'Country', 'Country & Western']"
Dead Elvis,Dazie Mae,.\songs\Dead Elvis - Dazie Mae.mp3,./songs/Dead Elvis - Dazie Mae.mp3,"['Blues', 'Jazz', 'Pop']"
The God Fearing Devil,Dazie Mae,.\songs\The God Fearing Devil - Dazie Mae.mp3,./songs/The God Fearing Devil - Dazie Mae.mp3,"['Blues', 'Jazz', 'Pop']"
Sofa,Dazie Mae,.\songs\Sofa - Dazie Mae.mp3,./songs/Sofa - Dazie Mae.mp3,"['Blues', 'Jazz', 'Pop']"
Miss she Spends,Dazie Mae,.\songs\Miss she Spends - Dazie Mae.mp3,./songs/Miss she Spends - Dazie Mae.mp3,"['Blues', 'Jazz', 'Pop']"
Move On,Dazie Mae,.\songs\Move On - Dazie Mae.mp3,./songs/Move On - Dazie Mae.mp3,"['Blues', 'Jazz', 'Pop']"
My Pussycat,Dazie Mae,.\songs\My Pussycat - Dazie Mae.mp3,./songs/My Pussycat - Dazie Mae.mp3,"['Blues', 'Jazz', 'Pop']"
Two-Timing Lady,Dazie Mae,.\songs\Two-Timing Lady - Dazie Mae.mp3,./songs/Two-Timing Lady - Dazie Mae.mp3,"['Blues', 'Jazz', 'Pop']"
Grey Roses,Dazie Mae,.\songs\Grey Roses - Dazie Mae.mp3,./songs/Grey Roses - Dazie Mae.mp3,"['Blues', 'Jazz', 'Pop']"
Upside Down,Dazie Mae,.\songs\Upside Down - Dazie Mae.mp3,./songs/Upside Down - Dazie Mae.mp3,"['Blues', 'Jazz', 'Pop']"
I Loved Another,Dazie Mae,.\songs\I Loved Another - Dazie Mae.mp3,./songs/I Loved Another - Dazie Mae.mp3,"['Blues', 'Jazz', 'Pop']"
Call me Dazie Mae,Dazie Mae,.\songs\Call me Dazie Mae - Dazie Mae.mp3,./songs/Call me Dazie Mae - Dazie Mae.mp3,"['Blues', 'Jazz', 'Pop']"
The Miss & the Man,Dazie Mae,.\songs\The Miss & the Man - Dazie Mae.mp3,./songs/The Miss & the Man - Dazie Mae.mp3,"['Blues', 'Jazz', 'Pop']"
At the Begining of Love,Dazie Mae,.\songs\At the Begining of Love - Dazie Mae.mp3,./songs/At the Begining of Love - Dazie Mae.mp3,"['Blues', 'Jazz', 'Pop']"
The Very Opposite Of My Husband,Dazie Mae,.\songs\The Very Opposite Of My Husband - Dazie Mae.mp3,./songs/The Very Opposite Of My Husband - Dazie Mae.mp3,"['Blues', 'Jazz', 'Pop']"
A Far Point,Dazie Mae,.\songs\A Far Point - Dazie Mae.mp3,./songs/A Far Point - Dazie Mae.mp3,"['Blues', 'Jazz', 'Pop']"
Paris To London & Back,Dazie Mae,.\songs\Paris To London & Back - Dazie Mae.mp3,./songs/Paris To London & Back - Dazie Mae.mp3,"['Blues', 'Jazz', 'Pop']"
All I Want (is being with you),Dazie Mae,.\songs\All I Want (is being with you) - Dazie Mae.mp3,./songs/All I Want (is being with you) - Dazie Mae.mp3,"['Blues', 'Jazz', 'Pop']"
The Day After Xmas Day,Dazie Mae,.\songs\The Day After Xmas Day - Dazie Mae.mp3,./songs/The Day After Xmas Day - Dazie Mae.mp3,"['Blues', 'Jazz', 'Pop']"
The Business Of Breaking Men's Hearts,Dazie Mae,.\songs\The Business Of Breaking Men's Hearts - Dazie Mae.mp3,./songs/The Business Of Breaking Men's Hearts - Dazie Mae.mp3,"['Blues', 'Jazz', 'Pop']"
Drink Beer (Till The Day That I Die),Dazie Mae,.\songs\Drink Beer (Till The Day That I Die) - Dazie Mae.mp3,./songs/Drink Beer (Till The Day That I Die) - Dazie Mae.mp3,"['Blues', 'Jazz', 'Pop']"
Married to a Chelsea Supporter,Dazie Mae,.\songs\Married to a Chelsea Supporter - Dazie Mae.mp3,./songs/Married to a Chelsea Supporter - Dazie Mae.mp3,"['Blues', 'Jazz', 'Pop']"
Elmo Twitter Crash  Space Karen Elon Musk,John Lopker  Popular USA Majority,.\songs\Elmo Twitter Crash  Space Karen Elon Musk - John Lopker  Popular USA Majority.mp3,./songs/Elmo Twitter Crash  Space Karen Elon Musk - John Lopker  Popular USA Majority.mp3,"['Blues', 'Novelty', 'Comedy', 'Historic', 'Country', 'Pop', 'Rock', 'Hip-Hop', 'Rap', 'hiphop']"
My Sweet Liberty  Freedom = Responsibility,John Lopker  Popular USA Majority,.\songs\My Sweet Liberty  Freedom = Responsibility - John Lopker  Popular USA Majority.mp3,./songs/My Sweet Liberty  Freedom = Responsibility - John Lopker  Popular USA Majority.mp3,"['Blues', 'Novelty', 'Comedy', 'Country', 'Pop', 'Rock', 'Folk', 'Americana']"
Turban Toss  Iran Sadistic Theocracy,John Lopker  Popular USA Majority,.\songs\Turban Toss  Iran Sadistic Theocracy - John Lopker  Popular USA Majority.mp3,./songs/Turban Toss  Iran Sadistic Theocracy - John Lopker  Popular USA Majority.mp3,"['Blues', 'Novelty', 'Historic', 'Country', 'Pop', 'Rock', 'Folk', 'Jazz: Vocal', 'Middle East']"
Freedum  Reproductive Freedom,John Lopker  Popular USA Majority,.\songs\Freedum  Reproductive Freedom - John Lopker  Popular USA Majority.mp3,./songs/Freedum  Reproductive Freedom - John Lopker  Popular USA Majority.mp3,"['Blues', 'Jazz', 'Novelty', 'Comedy', 'Historic', 'Country', 'Pop', 'Rock', 'Soul-RnB', 'Folk']"
Peoples Super Pac  Taking Our Country Back,John Lopker  Popular USA Majority,.\songs\Peoples Super Pac  Taking Our Country Back - John Lopker  Popular USA Majority.mp3,./songs/Peoples Super Pac  Taking Our Country Back - John Lopker  Popular USA Majority.mp3,"['Country', 'Pop', 'Rock', 'Folk']"
Crazy,Derek Clegg,.\songs\Crazy - Derek Clegg.mp3,./songs/Crazy - Derek Clegg.mp3,"['Country', 'Pop', 'Rock', 'Folk']"
Brother,Derek Clegg,.\songs\Brother - Derek Clegg.mp3,./songs/Brother - Derek Clegg.mp3,"['Country', 'Pop', 'Rock', 'Folk']"
Either Way,Derek Clegg,.\songs\Either Way - Derek Clegg.mp3,./songs/Either Way - Derek Clegg.mp3,"['Country', 'Pop', 'Rock', 'Folk']"
I Can Do Better,Derek Clegg,.\songs\I Can Do Better - Derek Clegg.mp3,./songs/I Can Do Better - Derek Clegg.mp3,"['Country', 'Pop', 'Rock', 'Folk']"
Long Gone,Derek Clegg,.\songs\Long Gone - Derek Clegg.mp3,./songs/Long Gone - Derek Clegg.mp3,"['Country', 'Pop', 'Rock', 'Folk']"
Aadaraya Nisa.mp3,Rukmani Devi,.\songs\Aadaraya Nisa.mp3 - Rukmani Devi.mp3,./songs/Aadaraya Nisa.mp3 - Rukmani Devi.mp3,"['Blues', 'Classical', 'Folk']"
Me Rathriye.mp3,Rukmani Devi,.\songs\Me Rathriye.mp3 - Rukmani Devi.mp3,./songs/Me Rathriye.mp3 - Rukmani Devi.mp3,"['Blues', 'Classical', 'Folk']"
Olu Malehi Sudo Sudu.mp3,Rukmani Devi,.\songs\Olu Malehi Sudo Sudu.mp3 - Rukmani Devi.mp3,./songs/Olu Malehi Sudo Sudu.mp3 - Rukmani Devi.mp3,"['Blues', 'Classical', 'Folk']"
Mevila Penewi Rupe.mp3,Rukmani Devi,.\songs\Mevila Penewi Rupe.mp3 - Rukmani Devi.mp3,./songs/Mevila Penewi Rupe.mp3 - Rukmani Devi.mp3,"['Blues', 'Classical', 'Folk']"
Dushmantha Aho.mp3,Rukmani Devi,.\songs\Dushmantha Aho.mp3 - Rukmani Devi.mp3,./songs/Dushmantha Aho.mp3 - Rukmani Devi.mp3,"['Blues', 'Classical', 'Folk']"
Dalwaw Bethi Adara Pem.mp3,Rukmani Devi,.\songs\Dalwaw Bethi Adara Pem.mp3 - Rukmani Devi.mp3,./songs/Dalwaw Bethi Adara Pem.mp3 - Rukmani Devi.mp3,"['Blues', 'Classical', 'Folk']"
George Santos Moscow Blues  Santos Republican Liar & Thief,John Lopker  Popular USA Majority,.\songs\George Santos Moscow Blues  Santos Republican Liar & Thief - John Lopker  Popular USA Majority.mp3,./songs/George Santos Moscow Blues  Santos Republican Liar & Thief - John Lopker  Popular USA Majority.mp3,"['Blues', 'Novelty', 'Historic', 'Country', 'Pop', 'Folk']"
Freed From Greed,Cullah,.\songs\Freed From Greed - Cullah.mp3,./songs/Freed From Greed - Cullah.mp3,"['Blues', 'Hip-Hop']"
Bradycardia,Cullah,.\songs\Bradycardia - Cullah.mp3,./songs/Bradycardia - Cullah.mp3,"['Blues', 'Hip-Hop']"
Yes Ma'am,Cullah,.\songs\Yes Ma'am - Cullah.mp3,./songs/Yes Ma'am - Cullah.mp3,"['Blues', 'Hip-Hop']"
Aisling,Cullah,.\songs\Aisling - Cullah.mp3,./songs/Aisling - Cullah.mp3,"['Blues', 'Hip-Hop']"
Comfort To You,Cullah,.\songs\Comfort To You - Cullah.mp3,./songs/Comfort To You - Cullah.mp3,"['Blues', 'Hip-Hop']"
Mission District Swedish Hohner Waltz,Cullah,.\songs\Mission District Swedish Hohner Waltz - Cullah.mp3,./songs/Mission District Swedish Hohner Waltz - Cullah.mp3,"['Blues', 'Hip-Hop']"
Out of the Diabolo Canyon (ID 1841),Lobo Loco,.\songs\Out of the Diabolo Canyon (ID 1841) - Lobo Loco.mp3,./songs/Out of the Diabolo Canyon (ID 1841) - Lobo Loco.mp3,"['Blues', 'Historic', 'Country', 'Folk', 'Country & Western']"
Chummy Evening B,Lobo Loco,.\songs\Chummy Evening B - Lobo Loco.mp3,./songs/Chummy Evening B - Lobo Loco.mp3,"['Blues', 'Jazz', 'Folk']"
By By River (ID 209),Lobo Loco,.\songs\By By River (ID 209) - Lobo Loco.mp3,./songs/By By River (ID 209) - Lobo Loco.mp3,"['Blues', 'Jazz', 'Folk']"
On my Way A,Lobo Loco,.\songs\On my Way A - Lobo Loco.mp3,./songs/On my Way A - Lobo Loco.mp3,"['Blues', 'Jazz', 'Folk']"
Verona - Intro (ID 1407),Lobo Loco,.\songs\Verona - Intro (ID 1407) - Lobo Loco.mp3,./songs/Verona - Intro (ID 1407) - Lobo Loco.mp3,"['Blues', 'Country']"
Catch the Train (ID 1500),Lobo Loco,.\songs\Catch the Train (ID 1500) - Lobo Loco.mp3,./songs/Catch the Train (ID 1500) - Lobo Loco.mp3,"['Blues', 'Country']"
Bad Old Daemons (ID 1138),Lobo Loco,.\songs\Bad Old Daemons (ID 1138) - Lobo Loco.mp3,./songs/Bad Old Daemons (ID 1138) - Lobo Loco.mp3,"['Blues', 'Country']"
Blues about Mary Roose (ID 1153),Lobo Loco,.\songs\Blues about Mary Roose (ID 1153) - Lobo Loco.mp3,./songs/Blues about Mary Roose (ID 1153) - Lobo Loco.mp3,"['Blues', 'Country']"
When You're Gone,Bombay Laughing Club,.\songs\When You're Gone - Bombay Laughing Club.mp3,./songs/When You're Gone - Bombay Laughing Club.mp3,"['Blues', 'Country']"
The Wanderer (ID 1718),Lobo Loco,.\songs\The Wanderer (ID 1718) - Lobo Loco.mp3,./songs/The Wanderer (ID 1718) - Lobo Loco.mp3,"['Blues', 'Country', 'Folk', 'Psych-Folk', 'Country & Western']"
Last Potatoe on Fire (ID 2088),Lobo Loco,.\songs\Last Potatoe on Fire (ID 2088) - Lobo Loco.mp3,./songs/Last Potatoe on Fire (ID 2088) - Lobo Loco.mp3,"['Blues', 'Folk', 'Country & Western']"
Wondering where the Angels are (ID 2084),Lobo Loco,.\songs\Wondering where the Angels are (ID 2084) - Lobo Loco.mp3,./songs/Wondering where the Angels are (ID 2084) - Lobo Loco.mp3,"['Blues', 'Folk', 'Country & Western']"
Reborn - Ext Version (ID 2099),Lobo Loco,.\songs\Reborn - Ext Version (ID 2099) - Lobo Loco.mp3,./songs/Reborn - Ext Version (ID 2099) - Lobo Loco.mp3,"['Blues', 'Folk', 'Country & Western']"
Deep Lust (ID 2049),Lobo Loco,.\songs\Deep Lust (ID 2049) - Lobo Loco.mp3,./songs/Deep Lust (ID 2049) - Lobo Loco.mp3,"['Blues', 'Folk', 'Country & Western']"
Emotions Rollercoaster (ID 2049),Lobo Loco,.\songs\Emotions Rollercoaster (ID 2049) - Lobo Loco.mp3,./songs/Emotions Rollercoaster (ID 2049) - Lobo Loco.mp3,"['Blues', 'Folk', 'Country & Western']"
Deep Breath (ID 2050),Lobo Loco,.\songs\Deep Breath (ID 2050) - Lobo Loco.mp3,./songs/Deep Breath (ID 2050) - Lobo Loco.mp3,"['Blues', 'Folk', 'Country & Western']"
Calamity Jane Train (ID 2035),Lobo Loco,.\songs\Calamity Jane Train (ID 2035) - Lobo Loco.mp3,./songs/Calamity Jane Train (ID 2035) - Lobo Loco.mp3,"['Blues', 'Folk', 'Country & Western']"
Best Brow (ID 2046),Lobo Loco,.\songs\Best Brow (ID 2046) - Lobo Loco.mp3,./songs/Best Brow (ID 2046) - Lobo Loco.mp3,"['Blues', 'Folk', 'Country & Western']"
Long Hug for You (ID 1964),Lobo Loco,.\songs\Long Hug for You (ID 1964) - Lobo Loco.mp3,./songs/Long Hug for You (ID 1964) - Lobo Loco.mp3,"['Blues', 'Folk', 'Country & Western']"
Hurry Up (ID 1960),Lobo Loco,.\songs\Hurry Up (ID 1960) - Lobo Loco.mp3,./songs/Hurry Up (ID 1960) - Lobo Loco.mp3,"['Blues', 'Folk', 'Country & Western']"
Miracle Tour (ID 1289),Lobo Loco,.\songs\Miracle Tour (ID 1289) - Lobo Loco.mp3,./songs/Miracle Tour (ID 1289) - Lobo Loco.mp3,"['Blues', 'Folk', 'Country & Western']"
HerShall Walker  Herschel Walker Republicans,John Lopker  Popular USA Majority,.\songs\HerShall Walker  Herschel Walker Republicans - John Lopker  Popular USA Majority.mp3,./songs/HerShall Walker  Herschel Walker Republicans - John Lopker  Popular USA Majority.mp3,"['Blues', 'Novelty', 'Country', 'Pop', 'Rock', 'Folk', 'Jazz: Vocal', 'Singer-Songwriter']"
Chillowanie Bomby,Paweł Feszczuk,.\songs\Chillowanie Bomby - Paweł Feszczuk.mp3,./songs/Chillowanie Bomby - Paweł Feszczuk.mp3,"['Blues', 'Jazz', 'Hip-Hop', 'Lo-fi Hip-Hop']"
BLOOD POISON,John Lopker  Popular USA Majority,.\songs\BLOOD POISON - John Lopker  Popular USA Majority.mp3,./songs/BLOOD POISON - John Lopker  Popular USA Majority.mp3,"['Jazz', 'Country', 'Folk']"
Hurrycane,Cullah,.\songs\Hurrycane - Cullah.mp3,./songs/Hurrycane - Cullah.mp3,"['Country', 'Folk', 'Hip-Hop', 'Bluegrass']"
A New Fate,Derek Clegg,.\songs\A New Fate - Derek Clegg.mp3,./songs/A New Fate - Derek Clegg.mp3,"['Blues', 'Country', 'Pop', 'Rock', 'Acoustic']"
That Mobster Knew  Trump MAGA COVID Deaths,John Lopker  Popular USA Majority,.\songs\That Mobster Knew  Trump MAGA COVID Deaths - John Lopker  Popular USA Majority.mp3,./songs/That Mobster Knew  Trump MAGA COVID Deaths - John Lopker  Popular USA Majority.mp3,"['Blues', 'Novelty', 'Historic', 'Country', 'Pop', 'Rock', 'Folk']"
I See,Cullah,.\songs\I See - Cullah.mp3,./songs/I See - Cullah.mp3,"['Country', 'Electronic', 'Hip-Hop']"
Hear You Say,Derek Clegg,.\songs\Hear You Say - Derek Clegg.mp3,./songs/Hear You Say - Derek Clegg.mp3,"['Classical', 'Country', 'Pop', 'Rock', 'Folk', 'Acoustic']"
Two Eyes,Cullah,.\songs\Two Eyes - Cullah.mp3,./songs/Two Eyes - Cullah.mp3,"['Blues', 'Rock', 'Hip-Hop']"
Please Bring Me Shelter,Cullah,.\songs\Please Bring Me Shelter - Cullah.mp3,./songs/Please Bring Me Shelter - Cullah.mp3,"['Blues', 'Rock', 'Hip-Hop']"
A Place I Know,Cullah,.\songs\A Place I Know - Cullah.mp3,./songs/A Place I Know - Cullah.mp3,"['Blues', 'Rock', 'Hip-Hop']"
Drums of War to Drums of Peace,Cullah,.\songs\Drums of War to Drums of Peace - Cullah.mp3,./songs/Drums of War to Drums of Peace - Cullah.mp3,"['Blues', 'Rock', 'Hip-Hop']"
Soul Challenger,Cullah,.\songs\Soul Challenger - Cullah.mp3,./songs/Soul Challenger - Cullah.mp3,"['Blues', 'Rock', 'Hip-Hop']"
The Declaration of Independance,Cullah,.\songs\The Declaration of Independance - Cullah.mp3,./songs/The Declaration of Independance - Cullah.mp3,"['Blues', 'Rock', 'Hip-Hop']"
On The Streets Of Old Milwaukee,Cullah,.\songs\On The Streets Of Old Milwaukee - Cullah.mp3,./songs/On The Streets Of Old Milwaukee - Cullah.mp3,"['Blues', 'Rock', 'Hip-Hop']"
A Man With A Golden Soul,Cullah,.\songs\A Man With A Golden Soul - Cullah.mp3,./songs/A Man With A Golden Soul - Cullah.mp3,"['Blues', 'Rock', 'Hip-Hop']"
Wander and Ramble,Cullah,.\songs\Wander and Ramble - Cullah.mp3,./songs/Wander and Ramble - Cullah.mp3,"['Blues', 'Rock', 'Hip-Hop']"
Blazing Day,Cullah,.\songs\Blazing Day - Cullah.mp3,./songs/Blazing Day - Cullah.mp3,"['Blues', 'Rock', 'Hip-Hop']"
Break The Sun,Cullah,.\songs\Break The Sun - Cullah.mp3,./songs/Break The Sun - Cullah.mp3,"['Blues', 'Rock', 'Hip-Hop']"
I'm a Lonely Soul,Cullah,.\songs\I'm a Lonely Soul - Cullah.mp3,./songs/I'm a Lonely Soul - Cullah.mp3,"['Blues', 'Rock', 'Hip-Hop']"
Rising Up,Cullah,.\songs\Rising Up - Cullah.mp3,./songs/Rising Up - Cullah.mp3,"['Blues', 'Rock', 'Hip-Hop']"
Hail To The Cavemen,Cullah,.\songs\Hail To The Cavemen - Cullah.mp3,./songs/Hail To The Cavemen - Cullah.mp3,"['Blues', 'Rock', 'Hip-Hop']"
Evangelical MAGA Blues,John Lopker  Popular USA Majority,.\songs\Evangelical MAGA Blues - John Lopker  Popular USA Majority.mp3,./songs/Evangelical MAGA Blues - John Lopker  Popular USA Majority.mp3,"['Blues', 'Country', 'Rock']"
MINI Mike Johnson  Mississippi MAGA Blues,John Lopker  Popular USA Majority,.\songs\MINI Mike Johnson  Mississippi MAGA Blues - John Lopker  Popular USA Majority.mp3,./songs/MINI Mike Johnson  Mississippi MAGA Blues - John Lopker  Popular USA Majority.mp3,"['Blues', 'Country', 'Rock']"
Three Waters,Crete Boom,.\songs\Three Waters - Crete Boom.mp3,./songs/Three Waters - Crete Boom.mp3,"['Blues', 'Country', 'Rock']"
Belmont Jail Song,Crete Boom,.\songs\Belmont Jail Song - Crete Boom.mp3,./songs/Belmont Jail Song - Crete Boom.mp3,"['Blues', 'Country', 'Rock']"
Honest Lovers,Crete Boom,.\songs\Honest Lovers - Crete Boom.mp3,./songs/Honest Lovers - Crete Boom.mp3,"['Blues', 'Country', 'Rock']"
Bona Fide,Crete Boom,.\songs\Bona Fide - Crete Boom.mp3,./songs/Bona Fide - Crete Boom.mp3,"['Blues', 'Country', 'Rock']"
Blankets of Sky,Crete Boom,.\songs\Blankets of Sky - Crete Boom.mp3,./songs/Blankets of Sky - Crete Boom.mp3,"['Blues', 'Country', 'Rock']"
Rock on Block (ID 1351),Lobo Loco,.\songs\Rock on Block (ID 1351) - Lobo Loco.mp3,./songs/Rock on Block (ID 1351) - Lobo Loco.mp3,"['Blues', 'Country', 'Folk', 'Country & Western']"
Adored (ID 353),Lobo Loco,.\songs\Adored (ID 353) - Lobo Loco.mp3,./songs/Adored (ID 353) - Lobo Loco.mp3,"['Blues', 'Jazz', 'Classical']"
Lonely Spider,Cullah,.\songs\Lonely Spider - Cullah.mp3,./songs/Lonely Spider - Cullah.mp3,"['Blues', 'Folk', 'Hip-Hop']"
Lady We Knew,Cullah,.\songs\Lady We Knew - Cullah.mp3,./songs/Lady We Knew - Cullah.mp3,"['Blues', 'Folk', 'Hip-Hop']"
"Oh Kimberly, Sweet Kimberly",Cullah,".\songs\Oh Kimberly, Sweet Kimberly - Cullah.mp3","./songs/Oh Kimberly, Sweet Kimberly - Cullah.mp3","['Blues', 'Folk', 'Hip-Hop']"
I'm On My Way,Cullah,.\songs\I'm On My Way - Cullah.mp3,./songs/I'm On My Way - Cullah.mp3,"['Blues', 'Folk', 'Hip-Hop']"
I Cast You To Sea (My Darling Baby),Cullah,.\songs\I Cast You To Sea (My Darling Baby) - Cullah.mp3,./songs/I Cast You To Sea (My Darling Baby) - Cullah.mp3,"['Blues', 'Folk', 'Hip-Hop']"
Heaven's Garden,Cullah,.\songs\Heaven's Garden - Cullah.mp3,./songs/Heaven's Garden - Cullah.mp3,"['Blues', 'Folk', 'Hip-Hop']"
A Cry At Sea,Cullah,.\songs\A Cry At Sea - Cullah.mp3,./songs/A Cry At Sea - Cullah.mp3,"['Blues', 'Folk', 'Hip-Hop']"
One,Cullah,.\songs\One - Cullah.mp3,./songs/One - Cullah.mp3,"['Blues', 'Folk', 'Hip-Hop']"
Breakup Breakdown,Cullah,.\songs\Breakup Breakdown - Cullah.mp3,./songs/Breakup Breakdown - Cullah.mp3,"['Blues', 'Folk', 'Hip-Hop']"
Rhapsody in Lieu of Etude,Cullah,.\songs\Rhapsody in Lieu of Etude - Cullah.mp3,./songs/Rhapsody in Lieu of Etude - Cullah.mp3,"['Blues', 'Folk', 'Hip-Hop']"
Good TImes Memory (ID 2037),Lobo Loco,.\songs\Good TImes Memory (ID 2037) - Lobo Loco.mp3,./songs/Good TImes Memory (ID 2037) - Lobo Loco.mp3,"['Blues', 'Country', 'Folk']"
Vermin Again  MAGA Hitler Nazi Echo,John Lopker  Popular USA Majority,.\songs\Vermin Again  MAGA Hitler Nazi Echo - John Lopker  Popular USA Majority.mp3,./songs/Vermin Again  MAGA Hitler Nazi Echo - John Lopker  Popular USA Majority.mp3,"['Blues', 'Country', 'Folk']"
Timemachine (ID 2026),Lobo Loco,.\songs\Timemachine (ID 2026) - Lobo Loco.mp3,./songs/Timemachine (ID 2026) - Lobo Loco.mp3,"['Blues', 'Country', 'Folk']"
Way Back Home (ID 2033),Lobo Loco,.\songs\Way Back Home (ID 2033) - Lobo Loco.mp3,./songs/Way Back Home (ID 2033) - Lobo Loco.mp3,"['Blues', 'Country', 'Folk']"
Try One More (ID 2029),Lobo Loco,.\songs\Try One More (ID 2029) - Lobo Loco.mp3,./songs/Try One More (ID 2029) - Lobo Loco.mp3,"['Blues', 'Country', 'Folk']"
Romatic Cave (ID 2025),Lobo Loco,.\songs\Romatic Cave (ID 2025) - Lobo Loco.mp3,./songs/Romatic Cave (ID 2025) - Lobo Loco.mp3,"['Blues', 'Country', 'Folk']"
Flying Away (ID 2022),Lobo Loco,.\songs\Flying Away (ID 2022) - Lobo Loco.mp3,./songs/Flying Away (ID 2022) - Lobo Loco.mp3,"['Blues', 'Country', 'Folk']"
Lights on the Hill (ID 2015),Lobo Loco,.\songs\Lights on the Hill (ID 2015) - Lobo Loco.mp3,./songs/Lights on the Hill (ID 2015) - Lobo Loco.mp3,"['Blues', 'Country', 'Folk']"
New Shores (ID 2019),Lobo Loco,.\songs\New Shores (ID 2019) - Lobo Loco.mp3,./songs/New Shores (ID 2019) - Lobo Loco.mp3,"['Blues', 'Country', 'Folk']"
River Side Blues (ID 2027),Lobo Loco,.\songs\River Side Blues (ID 2027) - Lobo Loco.mp3,./songs/River Side Blues (ID 2027) - Lobo Loco.mp3,"['Blues', 'Country', 'Folk']"
Kingdom Firebridge (ID 2021),Lobo Loco,.\songs\Kingdom Firebridge (ID 2021) - Lobo Loco.mp3,./songs/Kingdom Firebridge (ID 2021) - Lobo Loco.mp3,"['Blues', 'Country', 'Folk']"
Delta Blues Inside (ID 2028),Lobo Loco,.\songs\Delta Blues Inside (ID 2028) - Lobo Loco.mp3,./songs/Delta Blues Inside (ID 2028) - Lobo Loco.mp3,"['Blues', 'Country', 'Folk']"
Ducks Waterslide (ID 2014),Lobo Loco,.\songs\Ducks Waterslide (ID 2014) - Lobo Loco.mp3,./songs/Ducks Waterslide (ID 2014) - Lobo Loco.mp3,"['Blues', 'Country', 'Folk']"
Anybody Out There (ID 2013),Lobo Loco,.\songs\Anybody Out There (ID 2013) - Lobo Loco.mp3,./songs/Anybody Out There (ID 2013) - Lobo Loco.mp3,"['Blues', 'Country', 'Folk']"
Deep Love (ID 2030),Lobo Loco,.\songs\Deep Love (ID 2030) - Lobo Loco.mp3,./songs/Deep Love (ID 2030) - Lobo Loco.mp3,"['Blues', 'Country', 'Folk']"
City Summer Evening (ID 2016),Lobo Loco,.\songs\City Summer Evening (ID 2016) - Lobo Loco.mp3,./songs/City Summer Evening (ID 2016) - Lobo Loco.mp3,"['Blues', 'Country', 'Folk']"
Flying Away - Instrumental (ID 2024),Lobo Loco,.\songs\Flying Away - Instrumental (ID 2024) - Lobo Loco.mp3,./songs/Flying Away - Instrumental (ID 2024) - Lobo Loco.mp3,"['Blues', 'Country', 'Folk']"
Just a Little Down (ID 1963),Lobo Loco,.\songs\Just a Little Down (ID 1963) - Lobo Loco.mp3,./songs/Just a Little Down (ID 1963) - Lobo Loco.mp3,"['Blues', 'Country', 'Folk']"
Place on my Bonfire (ID 1170),Lobo Loco,.\songs\Place on my Bonfire (ID 1170) - Lobo Loco.mp3,./songs/Place on my Bonfire (ID 1170) - Lobo Loco.mp3,"['Blues', 'Country', 'Folk']"
Evening Campfire (ID 1178),Lobo Loco,.\songs\Evening Campfire (ID 1178) - Lobo Loco.mp3,./songs/Evening Campfire (ID 1178) - Lobo Loco.mp3,"['Blues', 'Country', 'Folk']"
Since Seventeen,Derek Clegg,.\songs\Since Seventeen - Derek Clegg.mp3,./songs/Since Seventeen - Derek Clegg.mp3,"['Blues', 'Classical', 'Country', 'Pop', 'Rock', 'Folk']"
